{"Annotator":{"0":"Reviewer_1","1":"Reviewer_2","2":"Reviewer_3","3":"Reviewer_4","4":"Reviewer_5","5":"Reviewer_1","6":"Reviewer_2","7":"Reviewer_3","8":"Reviewer_4","9":"Reviewer_5","10":"Reviewer_1","11":"Reviewer_2","12":"Reviewer_3","13":"Reviewer_4","14":"Reviewer_5","15":"Reviewer_1","16":"Reviewer_2","17":"Reviewer_3","18":"Reviewer_4","19":"Reviewer_5","20":"Reviewer_1","21":"Reviewer_2","22":"Reviewer_3","23":"Reviewer_4","24":"Reviewer_5","25":"Reviewer_1","26":"Reviewer_2","27":"Reviewer_3","28":"Reviewer_4","29":"Reviewer_5","30":"Reviewer_1","31":"Reviewer_2","32":"Reviewer_3","33":"Reviewer_4","34":"Reviewer_5","35":"Reviewer_1","36":"Reviewer_2","37":"Reviewer_3","38":"Reviewer_4","39":"Reviewer_5","40":"Reviewer_1","41":"Reviewer_2","42":"Reviewer_3","43":"Reviewer_4","44":"Reviewer_5","45":"Reviewer_1","46":"Reviewer_2","47":"Reviewer_3","48":"Reviewer_4","49":"Reviewer_5","50":"Reviewer_1","51":"Reviewer_2","52":"Reviewer_3","53":"Reviewer_4","54":"Reviewer_5"},"Reviewer_1":{"0":1.0,"1":0.70553,"2":0.77812,"3":0.62593,"4":0.70864,"5":1.0,"6":0.6742,"7":0.82914,"8":0.60133,"9":0.75263,"10":1.0,"11":0.55707,"12":0.79079,"13":0.57646,"14":0.59306,"15":1.0,"16":0.87517,"17":0.71188,"18":0.696,"19":0.78183,"20":1.0,"21":1.0,"22":1.0,"23":1.0,"24":1.0,"25":1.0,"26":-0.07759,"27":-0.04706,"28":-0.07229,"29":-0.02459,"30":1.0,"31":0.21125,"32":0.73327,"33":0.288,"34":0.2284,"35":1.0,"36":0.40436,"37":0.63374,"38":0.37762,"39":0.40646,"40":1.0,"41":0.44568,"42":0.47024,"43":0.36943,"44":0.05102,"45":1.0,"46":0.55446,"47":0.09797,"48":-0.04417,"49":0.18003,"50":1.0,"51":1.0,"52":1.0,"53":0.0,"54":1.0},"Reviewer_2":{"0":0.70553,"1":1.0,"2":0.6421,"3":0.68907,"4":0.70816,"5":0.6742,"6":1.0,"7":0.60415,"8":0.60176,"9":0.71554,"10":0.55707,"11":1.0,"12":0.55222,"13":0.57986,"14":0.50708,"15":0.87517,"16":1.0,"17":0.76795,"18":0.8832,"19":0.90466,"20":1.0,"21":1.0,"22":1.0,"23":1.0,"24":1.0,"25":-0.07759,"26":1.0,"27":0.29245,"28":0.1998,"29":0.38957,"30":0.21125,"31":1.0,"32":-0.01902,"33":0.22845,"34":-0.15086,"35":0.40436,"36":1.0,"37":0.50593,"38":-0.07229,"39":0.63374,"40":0.44568,"41":1.0,"42":0.41701,"43":0.66288,"44":0.59572,"45":0.55446,"46":1.0,"47":0.00568,"48":0.36429,"49":0.53818,"50":1.0,"51":1.0,"52":0.0,"53":1.0,"54":1.0},"Reviewer_3":{"0":0.77812,"1":0.6421,"2":1.0,"3":0.65521,"4":0.73043,"5":0.82914,"6":0.60415,"7":1.0,"8":0.60649,"9":0.73342,"10":0.79079,"11":0.55222,"12":1.0,"13":0.59275,"14":0.69037,"15":0.71188,"16":0.76795,"17":1.0,"18":0.76881,"19":0.76898,"20":1.0,"21":1.0,"22":1.0,"23":1.0,"24":1.0,"25":-0.04706,"26":0.29245,"27":1.0,"28":0.11067,"29":0.38957,"30":0.73327,"31":-0.01902,"32":1.0,"33":0.0566,"34":0.1454,"35":0.63374,"36":0.50593,"37":1.0,"38":0.14773,"39":0.37176,"40":0.47024,"41":0.41701,"42":1.0,"43":0.42769,"44":0.20152,"45":0.09797,"46":0.00568,"47":1.0,"48":0.01796,"49":0.06769,"50":1.0,"51":0.0,"52":1.0,"53":0.0,"54":0.0},"Reviewer_4":{"0":0.62593,"1":0.68907,"2":0.65521,"3":1.0,"4":0.70202,"5":0.60133,"6":0.60176,"7":0.60649,"8":1.0,"9":0.67116,"10":0.57646,"11":0.57986,"12":0.59275,"13":1.0,"14":0.58895,"15":0.696,"16":0.8832,"17":0.76881,"18":1.0,"19":0.84858,"20":1.0,"21":1.0,"22":1.0,"23":1.0,"24":1.0,"25":-0.07229,"26":0.1998,"27":0.11067,"28":1.0,"29":-0.04167,"30":0.288,"31":0.22845,"32":0.0566,"33":1.0,"34":0.14966,"35":0.37762,"36":-0.07229,"37":0.14773,"38":1.0,"39":0.45175,"40":0.36943,"41":0.66288,"42":0.42769,"43":1.0,"44":0.20501,"45":-0.04417,"46":0.36429,"47":0.01796,"48":1.0,"49":0.22635,"50":0.0,"51":1.0,"52":0.0,"53":1.0,"54":1.0},"Reviewer_5":{"0":0.70864,"1":0.70816,"2":0.73043,"3":0.70202,"4":1.0,"5":0.75263,"6":0.71554,"7":0.73342,"8":0.67116,"9":1.0,"10":0.59306,"11":0.50708,"12":0.69037,"13":0.58895,"14":1.0,"15":0.78183,"16":0.90466,"17":0.76898,"18":0.84858,"19":1.0,"20":1.0,"21":1.0,"22":1.0,"23":1.0,"24":1.0,"25":-0.02459,"26":0.38957,"27":0.38957,"28":-0.04167,"29":1.0,"30":0.2284,"31":-0.15086,"32":0.1454,"33":0.14966,"34":1.0,"35":0.40646,"36":0.63374,"37":0.37176,"38":0.45175,"39":1.0,"40":0.05102,"41":0.59572,"42":0.20152,"43":0.20501,"44":1.0,"45":0.18003,"46":0.53818,"47":0.06769,"48":0.22635,"49":1.0,"50":1.0,"51":1.0,"52":0.0,"53":1.0,"54":1.0},"Setting":{"0":"Whole Data","1":"Whole Data","2":"Whole Data","3":"Whole Data","4":"Whole Data","5":"Only _mistral_32k_10","6":"Only _mistral_32k_10","7":"Only _mistral_32k_10","8":"Only _mistral_32k_10","9":"Only _mistral_32k_10","10":"Only le_mistral_32k_10","11":"Only le_mistral_32k_10","12":"Only le_mistral_32k_10","13":"Only le_mistral_32k_10","14":"Only le_mistral_32k_10","15":"Only baseline-LexRank","16":"Only baseline-LexRank","17":"Only baseline-LexRank","18":"Only baseline-LexRank","19":"Only baseline-LexRank","20":"Only Klasse 1","21":"Only Klasse 1","22":"Only Klasse 1","23":"Only Klasse 1","24":"Only Klasse 1","25":"Only Klasse 2","26":"Only Klasse 2","27":"Only Klasse 2","28":"Only Klasse 2","29":"Only Klasse 2","30":"Only Klasse 3","31":"Only Klasse 3","32":"Only Klasse 3","33":"Only Klasse 3","34":"Only Klasse 3","35":"Only Klasse 4","36":"Only Klasse 4","37":"Only Klasse 4","38":"Only Klasse 4","39":"Only Klasse 4","40":"Only Klasse 5","41":"Only Klasse 5","42":"Only Klasse 5","43":"Only Klasse 5","44":"Only Klasse 5","45":"Only Klasse 6","46":"Only Klasse 6","47":"Only Klasse 6","48":"Only Klasse 6","49":"Only Klasse 6","50":"Only Klasse 7","51":"Only Klasse 7","52":"Only Klasse 7","53":"Only Klasse 7","54":"Only Klasse 7"}}