{"Annotator":{"0":"Reviewer_1","1":"Reviewer_2","2":"Reviewer_3","3":"Reviewer_4","4":"Reviewer_5","5":"Reviewer_1","6":"Reviewer_2","7":"Reviewer_3","8":"Reviewer_4","9":"Reviewer_5","10":"Reviewer_1","11":"Reviewer_2","12":"Reviewer_3","13":"Reviewer_4","14":"Reviewer_5","15":"Reviewer_1","16":"Reviewer_2","17":"Reviewer_3","18":"Reviewer_4","19":"Reviewer_5","20":"Reviewer_1","21":"Reviewer_2","22":"Reviewer_3","23":"Reviewer_4","24":"Reviewer_5","25":"Reviewer_1","26":"Reviewer_2","27":"Reviewer_3","28":"Reviewer_4","29":"Reviewer_5","30":"Reviewer_1","31":"Reviewer_2","32":"Reviewer_3","33":"Reviewer_4","34":"Reviewer_5","35":"Reviewer_1","36":"Reviewer_2","37":"Reviewer_3","38":"Reviewer_4","39":"Reviewer_5","40":"Reviewer_1","41":"Reviewer_2","42":"Reviewer_3","43":"Reviewer_4","44":"Reviewer_5","45":"Reviewer_1","46":"Reviewer_2","47":"Reviewer_3","48":"Reviewer_4","49":"Reviewer_5","50":"Reviewer_1","51":"Reviewer_2","52":"Reviewer_3","53":"Reviewer_4","54":"Reviewer_5"},"Reviewer_1":{"0":1.0,"1":0.70519,"2":0.77777,"3":0.62534,"4":0.70831,"5":1.0,"6":0.67309,"7":0.82832,"8":0.59942,"9":0.75178,"10":1.0,"11":0.55556,"12":0.78979,"13":0.57443,"14":0.59167,"15":1.0,"16":0.87475,"17":0.7105,"18":0.69455,"19":0.78109,"20":1.0,"21":1.0,"22":1.0,"23":1.0,"24":1.0,"25":1.0,"26":-0.08621,"27":-0.05882,"28":-0.08434,"29":-0.03279,"30":1.0,"31":0.20494,"32":0.73027,"33":0.28,"34":0.22222,"35":1.0,"36":0.39959,"37":0.62963,"38":0.37063,"39":0.40171,"40":1.0,"41":0.44124,"42":0.46429,"43":0.36235,"44":0.04343,"45":1.0,"46":0.55089,"47":0.08784,"48":-0.0559,"49":0.17347,"50":1.0,"51":1.0,"52":1.0,"53":-0.01124,"54":1.0},"Reviewer_2":{"0":0.70519,"1":1.0,"2":0.64169,"3":0.68858,"4":0.7077,"5":0.67309,"6":1.0,"7":0.6028,"8":0.59985,"9":0.71418,"10":0.55556,"11":1.0,"12":0.55069,"13":0.57785,"14":0.50472,"15":0.87475,"16":1.0,"17":0.76716,"18":0.88264,"19":0.90421,"20":1.0,"21":1.0,"22":1.0,"23":1.0,"24":1.0,"25":-0.08621,"26":1.0,"27":0.28679,"28":0.19081,"29":0.38272,"30":0.20494,"31":1.0,"32":-0.02717,"33":0.21979,"34":-0.16379,"35":0.39959,"36":1.0,"37":0.50198,"38":-0.08434,"39":0.62963,"40":0.44124,"41":1.0,"42":0.41235,"43":0.65909,"44":0.59117,"45":0.55089,"46":1.0,"47":-0.00227,"48":0.35714,"49":0.53299,"50":1.0,"51":1.0,"52":-0.008,"53":1.0,"54":1.0},"Reviewer_3":{"0":0.77777,"1":0.64169,"2":1.0,"3":0.65482,"4":0.73,"5":0.82832,"6":0.6028,"7":1.0,"8":0.60515,"9":0.73214,"10":0.78979,"11":0.55069,"12":1.0,"13":0.59136,"14":0.68889,"15":0.7105,"16":0.76716,"17":1.0,"18":0.76802,"19":0.76787,"20":1.0,"21":1.0,"22":1.0,"23":1.0,"24":1.0,"25":-0.05882,"26":0.28679,"27":1.0,"28":0.10356,"29":0.38272,"30":0.73027,"31":-0.02717,"32":1.0,"33":0.04906,"34":0.1358,"35":0.62963,"36":0.50198,"37":1.0,"38":0.14091,"39":0.36471,"40":0.46429,"41":0.41235,"42":1.0,"43":0.42311,"44":0.19255,"45":0.08784,"46":-0.00227,"47":1.0,"48":0.0101,"49":0.05721,"50":1.0,"51":-0.008,"52":1.0,"53":-0.008,"54":-0.01124},"Reviewer_4":{"0":0.62534,"1":0.68858,"2":0.65482,"3":1.0,"4":0.70168,"5":0.59942,"6":0.59985,"7":0.60515,"8":1.0,"9":0.67003,"10":0.57443,"11":0.57785,"12":0.59136,"13":1.0,"14":0.58754,"15":0.69455,"16":0.88264,"17":0.76802,"18":1.0,"19":0.84806,"20":1.0,"21":1.0,"22":1.0,"23":1.0,"24":1.0,"25":-0.08434,"26":0.19081,"27":0.10356,"28":1.0,"29":-0.05,"30":0.28,"31":0.21979,"32":0.04906,"33":1.0,"34":0.14286,"35":0.37063,"36":-0.08434,"37":0.14091,"38":1.0,"39":0.44737,"40":0.36235,"41":0.65909,"42":0.42311,"43":1.0,"44":0.19865,"45":-0.0559,"46":0.35714,"47":0.0101,"48":1.0,"49":0.22016,"50":-0.01124,"51":1.0,"52":-0.008,"53":1.0,"54":1.0},"Reviewer_5":{"0":0.70831,"1":0.7077,"2":0.73,"3":0.70168,"4":1.0,"5":0.75178,"6":0.71418,"7":0.73214,"8":0.67003,"9":1.0,"10":0.59167,"11":0.50472,"12":0.68889,"13":0.58754,"14":1.0,"15":0.78109,"16":0.90421,"17":0.76787,"18":0.84806,"19":1.0,"20":1.0,"21":1.0,"22":1.0,"23":1.0,"24":1.0,"25":-0.03279,"26":0.38272,"27":0.38272,"28":-0.05,"29":1.0,"30":0.22222,"31":-0.16379,"32":0.1358,"33":0.14286,"34":1.0,"35":0.40171,"36":0.62963,"37":0.36471,"38":0.44737,"39":1.0,"40":0.04343,"41":0.59117,"42":0.19255,"43":0.19865,"44":1.0,"45":0.17347,"46":0.53299,"47":0.05721,"48":0.22016,"49":1.0,"50":1.0,"51":1.0,"52":-0.01124,"53":1.0,"54":1.0},"Setting":{"0":"Whole Data","1":"Whole Data","2":"Whole Data","3":"Whole Data","4":"Whole Data","5":"Only _mistral_32k_10","6":"Only _mistral_32k_10","7":"Only _mistral_32k_10","8":"Only _mistral_32k_10","9":"Only _mistral_32k_10","10":"Only le_mistral_32k_10","11":"Only le_mistral_32k_10","12":"Only le_mistral_32k_10","13":"Only le_mistral_32k_10","14":"Only le_mistral_32k_10","15":"Only baseline-LexRank","16":"Only baseline-LexRank","17":"Only baseline-LexRank","18":"Only baseline-LexRank","19":"Only baseline-LexRank","20":"Only Klasse 1","21":"Only Klasse 1","22":"Only Klasse 1","23":"Only Klasse 1","24":"Only Klasse 1","25":"Only Klasse 2","26":"Only Klasse 2","27":"Only Klasse 2","28":"Only Klasse 2","29":"Only Klasse 2","30":"Only Klasse 3","31":"Only Klasse 3","32":"Only Klasse 3","33":"Only Klasse 3","34":"Only Klasse 3","35":"Only Klasse 4","36":"Only Klasse 4","37":"Only Klasse 4","38":"Only Klasse 4","39":"Only Klasse 4","40":"Only Klasse 5","41":"Only Klasse 5","42":"Only Klasse 5","43":"Only Klasse 5","44":"Only Klasse 5","45":"Only Klasse 6","46":"Only Klasse 6","47":"Only Klasse 6","48":"Only Klasse 6","49":"Only Klasse 6","50":"Only Klasse 7","51":"Only Klasse 7","52":"Only Klasse 7","53":"Only Klasse 7","54":"Only Klasse 7"}}